Workbook
Name _Order1: 255
Name _Order2: 255
Name _Regression_Int: 1
Name AccessDatabase: "E:\WORK\VISUAL\MIRAE\LOADSYS\LoadDB.mdb"
Name anscount: 1
Name HTML_CodePage: 949
Name HTML_Control: {"'Sheet1'!$A$4","'Sheet1'!$A$9:$G$28"}
Name HTML_Description: ""
Name HTML_Email: ""
Name HTML_Header: ""
Name HTML_LastUpdate: "98-06-09"
Name HTML_LineAfter: FALSE
Name HTML_LineBefore: FALSE
Name HTML_Name: "동현조경"
Name HTML_OBDlg2: TRUE
Name HTML_OBDlg4: TRUE
Name HTML_OS: 0
Name HTML_PathFile: "C:\내작업철\견적양식\MyHTML.htm"
Name HTML_Title: "견적서"
Name solver_drv: 1
Name solver_est: 1
Name solver_itr: 100
Name solver_lin: 0
Name solver_num: 0
Name solver_nwt: 1
Name solver_pre: 0.000001
Name solver_scl: 0
Name solver_sho: 0
Name solver_tim: 100
Name solver_tol: 0.05
Name solver_typ: 1
Name solver_val: 0
Name 가: {"'Sheet1'!$A$4","'Sheet1'!$A$9:$G$28"}
Name ㅁㅁㅁㅁ: {"'Sheet1'!$A$4","'Sheet1'!$A$9:$G$28"}
Name 세부내역서: [1]세부내역서!$C$3:$J$102

Sheet 갑지
A2: 기성금 청구서
A4: 1. | B4: 공 사 명 | C4: :
A6: 2. | B6: 시 공 사 | C6: :
A8: 3. | B8: 하도급 공사명 | C8: :
A10: 4. | B10: 계약(착공)일자 | C10: : | D10: 0000년 00월
A12: 5. | B12: 준 공 일 자 | C12: : | D12: 0000년 00월
A14: 6. | B14: 계 약 금 액 | C14: : | D14: ="일금 "&(NUMBERSTRING(H14,1)&"원정") -> 일금 영원정 | G14: (\ | H14: ='기성금 내역서'!F28 -> 0 | I14: ) | J14: V.A.T포함
A16: 7. | B16: 선 급 금 | C16: : | D16: ="일금 "&(NUMBERSTRING(H16,1)&"원정") -> 일금 영원정 | G16: (\ | H16: ='기성금 내역서'!H25 -> 0 | I16: ) | J16: V.A.T포함
A18: 8. | B18: 전 회 기 성 | C18: : | D18: ="일금 "&(NUMBERSTRING(H18,1)&"원정") -> 일금 영원정 | G18: (\ | H18: ='기성금 내역서'!H28 -> 0 | I18: ) | J18: V.A.T포함
A20: 9. | B20: 금 회 기 성 | C20: : | D20: ="일금 "&(NUMBERSTRING(H20,1)&"원정") -> 일금 영원정 | G20: (\ | H20: ='기성금 내역서'!J28 -> 0 | I20: ) | J20: V.A.T포함
A23: 10. | B23: 기 성 누 계 | C23: : | D23: ="일금 "&(NUMBERSTRING(H23,1)&"원정") -> 일금 영원정 | G23: (\ | H23: ='기성금 내역서'!L28 -> 0 | I23: ) | J23: V.A.T포함
A25: 11. | B25: 선 급 금 공 제 | C25: :
A27: 12. | B27: 잔 액 | C27: : | D27: ="일금 "&(NUMBERSTRING(H27,1)&"원정") -> 일금 영원정 | G27: (\ | H27: ='기성금 내역서'!F28-'기성금 내역서'!L28 -> 0 | I27: ) | J27: V.A.T포함
A29: 13. | B29: 첨 부 서 류 | C29: : | D29: 기성금내역서
A31: 위 공사의 도급 시행에 있어서 공사 전반에 걸쳐 공사 설계도서 제시방서 및 계약조건대로 어김없이 기성 되었음을 통지 하오며, 만약 공사의 시공 감독 및 검사에 관하여 하자가 발견되는 즉시 변상 또는 재시공할 것을 서약하고 이에 기성 검사 신청서를 제출하오니, 검사하여 주시기 바랍니다.
A36: 0000. 00.
A39: 주 소 : 대구광역시 달서구 상화로 15길 24-13
A40: 상 호 : 천 우 건 업(주)
A41: 대 표 이 사 : 박 찬 도 (인)
A44: 0000 귀중

Sheet 기성금 내역서
A1: 기성금 내역서
A2: ="공사명 : "&갑지!D4&" 중 유리공사" -> 공사명 : 중 유리공사
A3: 품 명 | B3: 규 격 | C3: 단 위 | D3: 수 량 | E3: 계 약 금 액 | G3: 전 회 기 성 | I3: 금 회 기 성 | K3: 합 계 | M3: 비 고
E4: 단 가 | F4: 금 액 | G4: 수 량 | H4: 금 액 | I4: 수 량 | J4: 금 액 | K4: 수 량 | L4: 금 액
A5: 유리공사
F6: =D6*E6 -> 0 | H6: =G6*E6 -> 0 | J6: =E6*I6 -> 0 | K6: =G6+I6 -> 0 | L6: =H6+J6 -> 0 | M6: =L6/F6 -> #DIV/0!
F7: =D7*E7 -> 0 | H7: =G7*E7 -> 0 | J7: =E7*I7 -> 0 | K7: =G7+I7 -> 0 | L7: =H7+J7 -> 0 | M7: =L7/F7 -> #DIV/0!
F8: =D8*E8 -> 0 | H8: =G8*E8 -> 0 | J8: =E8*I8 -> 0 | K8: =G8+I8 -> 0 | L8: =H8+J8 -> 0 | M8: =L8/F8 -> #DIV/0!
F9: =D9*E9 -> 0 | H9: =G9*E9 -> 0 | J9: =E9*I9 -> 0 | K9: =G9+I9 -> 0 | L9: =H9+J9 -> 0 | M9: =L9/F9 -> #DIV/0!
F10: =D10*E10 -> 0 | H10: =G10*E10 -> 0 | J10: =E10*I10 -> 0 | K10: =G10+I10 -> 0 | L10: =H10+J10 -> 0 | M10: =L10/F10 -> #DIV/0!
F11: =D11*E11 -> 0 | H11: =G11*E11 -> 0 | J11: =E11*I11 -> 0 | K11: =G11+I11 -> 0 | L11: =H11+J11 -> 0 | M11: =L11/F11 -> #DIV/0!
F12: =D12*E12 -> 0 | H12: =G12*E12 -> 0 | J12: =E12*I12 -> 0 | K12: =G12+I12 -> 0 | L12: =H12+J12 -> 0 | M12: =L12/F12 -> #DIV/0!
F13: =D13*E13 -> 0 | H13: =G13*E13 -> 0 | J13: =E13*I13 -> 0 | K13: =G13+I13 -> 0 | L13: =H13+J13 -> 0 | M13: =L13/F13 -> #DIV/0!
F14: =D14*E14 -> 0 | H14: =G14*E14 -> 0 | J14: =E14*I14 -> 0 | K14: =G14+I14 -> 0 | L14: =H14+J14 -> 0 | M14: =L14/F14 -> #DIV/0!
F15: =D15*E15 -> 0 | H15: =G15*E15 -> 0 | J15: =E15*I15 -> 0 | K15: =G15+I15 -> 0 | L15: =H15+J15 -> 0 | M15: =L15/F15 -> #DIV/0!
F16: =D16*E16 -> 0 | H16: =G16*E16 -> 0 | J16: =E16*I16 -> 0 | K16: =G16+I16 -> 0 | L16: =H16+J16 -> 0 | M16: =L16/F16 -> #DIV/0!
F17: =D17*E17 -> 0 | H17: =G17*E17 -> 0 | J17: =E17*I17 -> 0 | K17: =G17+I17 -> 0 | L17: =H17+J17 -> 0 | M17: =L17/F17 -> #DIV/0!
... F22: =D22*E22 -> 0 | H22: =G22*E22 -> 0 | J22: =E22*I22 -> 0 | K22: =G22+I22 -> 0 | L22: =H22+J22 -> 0 | M22: =L22/F22 -> #DIV/0!
A25: 선급금
A26: 총원가 | F26: =SUM(F6:F24) -> 0 | H26: =SUM(H6:H24)+F25 -> 0 | J26: =SUM(J6:J24) -> 0 | L26: =SUM(L6:L24) -> 0
A27: 부가가치세 | F27: =F26*0.1 -> 0 | H27: =H26*0.1 -> 0 | J27: =J26*0.1 -> 0 | L27: =H27+J27 -> 0
A28: 총 계 | F28: =F26+F27 -> 0 | H28: =SUM(H26:H27) -> 0 | J28: =SUM(J26:J27) -> 0 | L28: =H28+J28 -> 0 | M28: =L28/F28 -> #DIV/0!
